{"stats":{"minecraft:picked_up":{"minecraft:crafting_table":1,"minecraft:stick":2,"minecraft:apple":1,"minecraft:oak_log":15,"minecraft:oak_sapling":5,"minecraft:birch_sapling":1,"minecraft:dirt":1},"minecraft:used":{"minecraft:wooden_axe":8,"minecraft:dirt":1,"minecraft:crafting_table":1,"minecraft:birch_sapling":1},"minecraft:custom":{"minecraft:time_since_rest":3985,"minecraft:crouch_one_cm":348,"minecraft:play_time":3985,"minecraft:sprint_one_cm":14277,"minecraft:damage_taken":20,"minecraft:walk_one_cm":5289,"minecraft:sneak_time":301,"minecraft:jump":85,"minecraft:damage_dealt":10,"minecraft:leave_game":1,"minecraft:time_since_death":3985,"minecraft:total_world_time":3985,"minecraft:interact_with_crafting_table":1,"minecraft:fall_one_cm":3375,"minecraft:fly_one_cm":19224},"minecraft:crafted":{"minecraft:oak_planks":60,"minecraft:crafting_table":1,"minecraft:stick":4,"minecraft:wooden_pickaxe":1,"minecraft:wooden_axe":1},"minecraft:mined":{"minecraft:oak_log":15,"minecraft:dirt":1,"minecraft:birch_leaves":1,"minecraft:oak_leaves":4,"minecraft:crafting_table":1}},"DataVersion":3953}